{
    "object": "list",
    "results": [{
        "object": "page",
        "id": "7b676086-5db3-451c-8d83-16c22ecea361",
        "created_time": "2021-07-27T04:43:00.000Z",
        "last_edited_time": "2021-07-27T05:22:00.000Z",
        "parent": {
            "type": "database_id",
            "database_id": "ac64bba1-7a8e-4a3a-a696-543024c86206"
        },
        "archived": false,
        "properties": {
            "OrderNow": {
                "id": ":i:R",
                "type": "formula",
                "formula": {
                    "type": "boolean",
                    "boolean": true
                }
            },
            "How often (days)": {
                "id": "jpU[",
                "type": "number",
                "number": 90
            },
            "Last Ordered": {
                "id": "qrM{",
                "type": "date",
                "date": {
                    "start": "2021-04-20",
                    "end": null
                }
            },
            "Item#": {
                "id": "}YZ[",
                "type": "rich_text",
                "rich_text": [{
                    "type": "text",
                    "text": {
                        "content": "REC-37296",
                        "link": null
                    },
                    "annotations": {
                        "bold": false,
                        "italic": false,
                        "strikethrough": false,
                        "underline": false,
                        "code": false,
                        "color": "default"
                    },
                    "plain_text": "REC-37296",
                    "href": null
                }]
            },
            "Item": {
                "id": "title",
                "type": "title",
                "title": [{
                    "type": "text",
                    "text": {
                        "content": "Airsense Climate Line Air Heated Tubing",
                        "link": null
                    },
                    "annotations": {
                        "bold": false,
                        "italic": false,
                        "strikethrough": false,
                        "underline": false,
                        "code": false,
                        "color": "default"
                    },
                    "plain_text": "Airsense Climate Line Air Heated Tubing",
                    "href": null
                }]
            }
        },
        "url": "https://www.notion.so/Airsense-Climate-Line-Air-Heated-Tubing-7b6760865db3451c8d8316c22ecea361"
    }, {
        "object": "page",
        "id": "a33d7377-8133-4cc2-9c44-5dc2d2fb3f11",
        "created_time": "2021-07-27T04:43:00.000Z",
        "last_edited_time": "2021-07-27T05:22:00.000Z",
        "parent": {
            "type": "database_id",
            "database_id": "ac64bba1-7a8e-4a3a-a696-543024c86206"
        },
        "archived": false,
        "properties": {
            "OrderNow": {
                "id": ":i:R",
                "type": "formula",
                "formula": {
                    "type": "boolean",
                    "boolean": true
                }
            },
            "How often (days)": {
                "id": "jpU[",
                "type": "number",
                "number": 180
            },
            "Last Ordered": {
                "id": "qrM{",
                "type": "date",
                "date": {
                    "start": "2021-01-20",
                    "end": null
                }
            },
            "Item#": {
                "id": "}YZ[",
                "type": "rich_text",
                "rich_text": [{
                    "type": "text",
                    "text": {
                        "content": "RES-1133450",
                        "link": null
                    },
                    "annotations": {
                        "bold": false,
                        "italic": false,
                        "strikethrough": false,
                        "underline": false,
                        "code": false,
                        "color": "default"
                    },
                    "plain_text": "RES-1133450",
                    "href": null
                }]
            },
            "Item": {
                "id": "title",
                "type": "title",
                "title": [{
                    "type": "text",
                    "text": {
                        "content": "DreamWear Large frame / Headgear",
                        "link": null
                    },
                    "annotations": {
                        "bold": false,
                        "italic": false,
                        "strikethrough": false,
                        "underline": false,
                        "code": false,
                        "color": "default"
                    },
                    "plain_text": "DreamWear Large frame / Headgear",
                    "href": null
                }]
            }
        },
        "url": "https://www.notion.so/DreamWear-Large-frame-Headgear-a33d737781334cc29c445dc2d2fb3f11"
    }, {
        "object": "page",
        "id": "288108ef-add4-4f54-90a4-72ad983db334",
        "created_time": "2021-07-27T04:43:00.000Z",
        "last_edited_time": "2021-07-27T22:16:00.000Z",
        "parent": {
            "type": "database_id",
            "database_id": "ac64bba1-7a8e-4a3a-a696-543024c86206"
        },
        "archived": false,
        "properties": {
            "OrderNow": {
                "id": ":i:R",
                "type": "formula",
                "formula": {
                    "type": "boolean",
                    "boolean": true
                }
            },
            "How often (days)": {
                "id": "jpU[",
                "type": "number",
                "number": 30
            },
            "Last Ordered": {
                "id": "qrM{",
                "type": "date",
                "date": {
                    "start": "2021-01-05",
                    "end": null
                }
            },
            "Item#": {
                "id": "}YZ[",
                "type": "rich_text",
                "rich_text": [{
                    "type": "text",
                    "text": {
                        "content": "RES-1133416",
                        "link": null
                    },
                    "annotations": {
                        "bold": false,
                        "italic": false,
                        "strikethrough": false,
                        "underline": false,
                        "code": false,
                        "color": "default"
                    },
                    "plain_text": "RES-1133416",
                    "href": null
                }]
            },
            "Item": {
                "id": "title",
                "type": "title",
                "title": [{
                    "type": "text",
                    "text": {
                        "content": "DreamWear Medium full face cushion",
                        "link": null
                    },
                    "annotations": {
                        "bold": false,
                        "italic": false,
                        "strikethrough": false,
                        "underline": false,
                        "code": false,
                        "color": "default"
                    },
                    "plain_text": "DreamWear Medium full face cushion",
                    "href": null
                }]
            }
        },
        "url": "https://www.notion.so/DreamWear-Medium-full-face-cushion-288108efadd44f5490a472ad983db334"
    }],
    "next_cursor": null,
    "has_more": false
}